,,School Totals,School Totals,Overall,Overall,Overall,Overall,Overall,Overall,Conf.,Conf.,Home,Home,Away,Away,Points,Points,,School Totals,,School Totals,School Totals,School Totals,School Totals,School Totals,School Totals,School Totals,School Totals,School Totals,School Totals,School Totals,School Totals,School Totals
Rk,School,FG%,STL,G,W,L,W-L%,SRS,SOS,W,L,W,L,W,L,Tm.,Opp.,,FGA,,3P,3PA,3P%,FT,FTA,FT%,ORB,TRB,AST,STL,BLK,TOV,PF
1,Abilene Christian,0.443,221,31,11,20,0.355,-19.6,-4.12,2,12,11,6,0,14,2214,2228,,1664,,241,599,0.402,499,666,0.749,307,1011,402,221,72,453,641
2,Air Force,0.435,164,30,12,18,0.4,-4.08,1.71,6,12,9,10,3,8,1980,2074,,1561,,216,653,0.331,406,588,0.69,263,970,419,164,94,400,563
3,Akron,0.438,225,34,21,13,0.618,1.16,-0.48,12,6,15,5,6,8,2332,2276,,1855,,239,690,0.346,467,750,0.623,412,1175,387,225,142,446,606
4,Alabama A&M,0.41,187,30,14,16,0.467,-13.86,-10.58,10,8,9,5,5,11,1936,2010,,1601,,182,561,0.324,442,674,0.656,300,1015,380,187,125,396,643
5,Alabama-Birmingham,0.417,169,31,18,13,0.581,0.78,-0.77,7,9,13,8,5,5,2266,2180,,1919,,158,525,0.301,508,772,0.658,508,1381,392,169,128,403,543
6,Alabama State,0.419,217,32,19,13,0.594,-12.84,-11.4,12,6,14,3,5,10,2265,2225,,1892,,175,612,0.286,506,748,0.676,426,1158,415,217,115,393,578
7,Alabama,0.444,218,32,13,19,0.406,8.34,8.88,7,11,13,8,0,11,2170,2150,,1669,,183,548,0.334,505,737,0.685,320,1050,351,218,137,380,607
8,Albany (NY),0.441,184,34,19,15,0.559,-3.31,-5.22,9,7,12,4,7,11,2239,2174,,1733,,163,453,0.36,546,728,0.75,343,1175,376,184,101,428,580
9,Alcorn State,0.418,185,31,12,19,0.387,-15.95,-9.27,9,9,10,5,2,14,1985,2101,,1658,,136,449,0.303,463,708,0.654,301,959,283,185,116,362,577
10,American,0.49,198,33,20,13,0.606,0.69,-3.25,13,5,11,4,9,9,2081,1951,,1527,,207,546,0.379,378,535,0.707,232,986,492,198,110,464,567
11,Appalachian State,0.416,187,30,9,21,0.3,-15.32,-7.13,5,11,7,8,2,13,2034,2152,,1730,,151,500,0.302,445,697,0.638,392,1091,327,187,83,362,597
12,Arizona State,0.451,167,33,21,12,0.636,13.32,7.41,10,8,17,5,4,7,2486,2291,,1852,,268,688,0.39,546,787,0.694,281,1172,471,167,182,377,635
13,Arizona,0.469,223,38,33,5,0.868,23.36,9.04,15,3,25,2,8,3,2769,2225,,2123,,204,561,0.364,573,870,0.659,465,1449,574,223,173,387,630
14,Arkansas-Little Rock,0.425,190,32,15,17,0.469,-5.39,-1.09,9,9,9,8,6,9,2288,2371,,1844,,164,505,0.325,556,754,0.737,369,1174,376,190,125,422,689
15,Arkansas-Pine Bluff,0.411,296,31,13,18,0.419,-15.39,-6.9,11,7,7,5,6,13,1957,2188,,1605,,193,562,0.343,446,675,0.661,307,946,350,296,72,478,605
16,Arkansas State,0.444,216,32,19,13,0.594,-0.44,-3.18,10,8,11,5,8,8,2432,2299,,1795,,282,737,0.383,556,766,0.726,301,1104,425,216,89,390,570
17,Arkansas,0.441,287,34,22,12,0.647,14.34,5.57,10,8,19,5,3,7,2723,2425,,2105,,253,698,0.362,614,846,0.726,404,1222,521,287,189,392,706
18,Army,0.444,187,31,15,16,0.484,-6.16,-4.66,10,8,8,7,7,9,2244,2269,,1804,,236,697,0.339,406,580,0.7,352,1043,436,187,132,401,567
19,Auburn,0.437,183,30,14,16,0.467,5.11,5.47,6,12,12,8,2,8,2144,2155,,1656,,172,554,0.31,526,730,0.721,331,1022,349,183,134,363,645
20,Austin Peay,0.488,206,30,12,18,0.4,-10.5,-5.78,6,10,9,7,3,11,2287,2368,,1632,,158,459,0.344,535,804,0.665,298,999,444,206,156,471,517
21,Ball State,0.407,136,30,5,25,0.167,-10.17,0.65,2,16,5,9,0,16,1967,2214,,1601,,196,625,0.314,469,679,0.691,383,1108,375,136,70,505,615
22,Baylor,0.455,197,38,26,12,0.684,15.8,10.11,9,9,21,7,5,5,2843,2577,,2108,,280,725,0.386,645,949,0.68,525,1456,563,197,202,440,648
23,Belmont,0.498,248,36,26,10,0.722,3.29,-1.88,14,2,16,2,10,8,2876,2661,,1973,,323,823,0.392,587,794,0.739,315,1123,571,248,88,463,735
24,Bethune-Cookman,0.4,199,32,7,25,0.219,-16.86,-7.53,5,11,5,7,2,18,2032,2252,,1713,,218,613,0.356,442,615,0.719,367,1002,316,199,80,408,681
25,Binghamton,0.38,184,30,7,23,0.233,-16.15,-6.15,4,12,3,11,4,12,1840,2140,,1554,,182,569,0.32,476,687,0.693,312,970,282,184,60,428,596
26,Boise State,0.456,203,34,21,13,0.618,8.83,3.86,9,9,16,6,5,7,2591,2347,,1952,,264,710,0.372,547,730,0.749,372,1169,407,203,71,340,653
27,Boston College,0.446,140,32,8,24,0.25,3.01,8.62,4,14,5,13,3,11,2197,2354,,1606,,247,702,0.352,518,699,0.741,265,951,397,140,86,358,603
28,Boston University,0.452,245,35,24,11,0.686,1.77,-2.4,15,3,13,7,11,4,2492,2346,,1978,,282,776,0.363,422,591,0.714,333,1161,491,245,62,411,590
29,Bowling Green State,0.426,246,32,12,20,0.375,-3.45,-0.2,6,12,8,9,4,11,2007,2055,,1745,,120,417,0.288,401,630,0.637,338,1131,387,246,177,469,564
30,Bradley,0.419,226,32,12,20,0.375,-2.72,-0.31,7,11,11,9,1,11,2036,2113,,1720,,154,479,0.322,440,628,0.701,356,1064,306,226,84,383,635
31,Brigham Young,0.463,251,35,23,12,0.657,11.63,5.72,13,5,18,5,5,7,2931,2706,,2186,,177,499,0.355,730,1055,0.692,463,1432,544,251,103,394,690
32,Brown,0.431,164,29,15,14,0.517,-1.44,-4.04,7,7,8,6,7,8,2065,1951,,1705,,196,515,0.381,399,593,0.673,329,1154,388,164,138,375,570
33,Bryant,0.47,207,32,18,14,0.563,-4.25,-4.89,10,6,11,5,7,9,2351,2304,,1788,,201,602,0.334,470,669,0.703,308,1095,420,207,93,397,568
34,Bucknell,0.429,138,30,16,14,0.533,-1.3,-3.14,11,7,8,6,8,8,1977,1922,,1627,,196,502,0.39,385,516,0.746,287,1067,357,138,49,321,500
35,Buffalo,0.447,198,29,19,10,0.655,3.58,-2.13,13,5,13,4,6,6,2132,1952,,1631,,187,558,0.335,487,684,0.712,355,1074,436,198,137,365,535
36,Butler,0.429,186,31,14,17,0.452,7.04,6.98,4,14,10,10,4,7,2125,2064,,1758,,183,567,0.323,432,654,0.661,340,1072,345,186,88,310,523
37,Cal Poly,0.408,198,34,14,20,0.412,-1.34,1.69,6,10,11,8,3,12,2141,2163,,1850,,218,654,0.333,415,603,0.688,377,1096,394,198,93,303,621
38,Cal State Bakersfield,0.438,208,32,13,19,0.406,-4.86,-4.31,5,11,8,9,5,10,2215,2189,,1752,,221,568,0.389,460,669,0.688,379,1116,384,208,111,443,708
39,Cal State Fullerton,0.425,145,31,11,20,0.355,-5.08,-1.12,6,10,8,8,3,12,2092,2215,,1726,,191,577,0.331,433,658,0.658,325,1046,343,145,58,370,604
40,Cal State Northridge,0.454,242,35,17,18,0.486,-4.89,-3.29,7,9,14,3,3,15,2689,2712,,1955,,148,403,0.367,765,967,0.791,389,1246,471,242,96,447,718
41,California-Davis,0.438,159,31,9,22,0.29,-11.55,-1.76,4,12,8,9,1,13,2174,2408,,1701,,245,687,0.357,439,631,0.696,255,887,372,159,70,373,606
42,California-Irvine,0.47,195,35,23,12,0.657,4.35,-0.65,13,3,13,4,10,8,2468,2231,,1932,,197,557,0.354,453,707,0.641,380,1350,546,195,224,444,644
43,California-Riverside,0.433,199,31,10,21,0.323,-7.64,-2.33,5,11,8,7,2,14,2117,2214,,1710,,138,457,0.302,499,711,0.702,320,1051,349,199,134,408,599
44,California-Santa Barbara,0.464,149,30,21,9,0.7,4.23,-0.13,12,4,12,3,9,6,2137,1960,,1574,,210,546,0.385,465,657,0.708,306,1059,478,149,145,335,564
45,California,0.457,185,35,21,14,0.6,10.7,7.44,10,8,15,7,6,7,2533,2419,,2014,,199,576,0.345,492,717,0.686,353,1247,537,185,159,356,593
46,Campbell,0.441,193,32,12,20,0.375,-14.04,-7.33,6,10,9,8,3,12,2164,2291,,1747,,278,795,0.35,344,508,0.677,345,1049,454,193,140,427,572
47,Canisius,0.458,229,33,21,12,0.636,1.24,-1.95,14,6,12,5,9,7,2592,2487,,1939,,267,692,0.386,547,736,0.743,371,1109,422,229,127,380,595
48,Central Arkansas,0.447,247,29,8,21,0.276,-16.25,-5.54,5,13,7,8,1,13,2165,2360,,1761,,191,522,0.366,400,666,0.601,323,982,368,247,137,421,634
49,Central Connecticut State,0.435,207,30,11,19,0.367,-13.1,-6.06,7,9,5,9,6,10,2117,2318,,1794,,169,504,0.335,386,538,0.717,316,1036,391,207,146,420,557
50,Central Florida,0.439,213,31,13,18,0.419,2.35,5.14,4,14,11,8,2,10,2253,2281,,1831,,215,642,0.335,432,704,0.614,441,1184,389,213,137,424,556
51,Central Michigan,0.434,232,31,10,21,0.323,-8.82,-2.72,3,15,8,8,2,13,2246,2288,,1767,,249,777,0.32,465,655,0.71,330,971,371,232,36,331,561
52,Charleston Southern,0.458,202,31,13,18,0.419,-5.27,-5.75,6,10,8,6,5,12,2523,2242,,1876,,302,789,0.383,503,689,0.73,366,1160,424,202,88,334,565
53,Charlotte,0.445,188,31,17,14,0.548,-0.69,-0.5,7,9,13,6,4,8,2215,2221,,1771,,186,523,0.356,453,699,0.648,380,1187,420,188,78,457,569
54,Chattanooga,0.433,232,33,18,15,0.545,-10.83,-7.9,12,4,13,4,5,11,2489,2439,,1922,,216,651,0.332,609,866,0.703,441,1235,391,232,168,442,635
55,Chicago State,0.418,278,32,13,19,0.406,-10.47,-2.44,8,8,9,5,4,14,2232,2439,,1884,,220,653,0.337,438,649,0.675,325,1003,358,278,83,389,736
56,Cincinnati,0.425,268,34,27,7,0.794,15.26,5.28,15,3,19,4,8,3,2325,1986,,1893,,196,585,0.335,519,733,0.708,457,1224,425,268,188,377,596
57,Citadel,0.43,137,33,7,26,0.212,-17.61,-6.75,2,14,7,10,0,16,2211,2453,,1778,,210,582,0.361,473,655,0.722,295,1092,442,137,95,412,630
58,Clemson,0.424,168,36,23,13,0.639,11.08,5.97,10,8,19,6,4,7,2287,2103,,1879,,190,613,0.31,505,679,0.744,399,1269,383,168,221,401,565
59,Cleveland State,0.469,200,33,21,12,0.636,4.38,-0.52,12,4,12,4,9,8,2410,2186,,1786,,240,594,0.404,496,659,0.753,343,1115,469,200,113,414,649
60,Coastal Carolina,0.437,216,34,21,13,0.618,-5.21,-6.31,11,5,15,6,6,7,2458,2326,,1969,,212,628,0.338,524,758,0.691,434,1336,362,216,96,473,668
61,Colgate,0.484,143,31,13,18,0.419,-2.51,-4.08,6,12,7,8,6,10,2158,2083,,1622,,260,657,0.396,328,459,0.715,220,954,440,143,70,355,529
62,College of Charleston,0.412,149,32,14,18,0.438,-2.02,-1.89,6,10,9,9,5,9,2016,2006,,1719,,209,613,0.341,389,593,0.656,392,1213,324,149,132,409,595
63,Colorado State,0.428,159,32,16,16,0.5,3.29,2.16,7,11,14,7,2,9,2347,2230,,1798,,170,522,0.326,637,877,0.726,405,1202,405,159,103,293,591
64,Colorado,0.435,207,35,23,12,0.657,10.8,8.8,10,8,17,4,6,8,2457,2387,,1871,,181,569,0.318,648,903,0.718,401,1305,397,207,115,466,576
65,Columbia,0.446,173,34,21,13,0.618,2.21,-1.92,8,6,16,5,5,8,2313,2151,,1662,,278,717,0.388,551,711,0.775,283,1111,419,173,95,412,626
66,Connecticut,0.449,281,40,32,8,0.8,17.23,8.63,12,6,24,4,8,4,2873,2529,,2163,,287,741,0.387,644,829,0.777,386,1389,488,281,230,457,719
67,Coppin State,0.392,192,32,12,20,0.375,-11.09,-4.99,7,9,6,10,6,10,2231,2403,,1840,,235,725,0.324,552,756,0.73,370,1075,369,192,69,380,545
68,Cornell,0.41,117,28,2,26,0.071,-15.6,0.03,1,13,2,11,0,15,1795,2195,,1589,,192,603,0.318,299,450,0.664,292,880,300,117,78,337,581
69,Creighton,0.497,139,35,27,8,0.771,18.03,7.17,14,4,19,3,8,5,2756,2376,,1927,,356,859,0.414,486,654,0.743,293,1192,614,139,49,342,618
70,Dartmouth,0.444,166,28,12,16,0.429,-4.85,-3.24,5,9,8,7,4,9,1905,1864,,1516,,174,459,0.379,385,561,0.686,300,927,352,166,86,336,561
71,Davidson,0.477,179,33,20,13,0.606,0.81,-3.73,15,1,10,8,10,5,2591,2404,,1877,,273,726,0.376,526,735,0.716,324,1087,451,179,58,378,665
72,Dayton,0.463,222,37,26,11,0.703,10.55,5.34,10,6,18,6,8,5,2671,2478,,2018,,243,644,0.377,558,819,0.681,414,1289,485,222,96,442,736
73,Delaware State,0.422,152,30,9,21,0.3,-12.64,-6.11,5,11,7,9,2,12,1847,1946,,1529,,156,485,0.322,399,579,0.689,296,942,367,152,106,355,542
74,Delaware,0.444,208,35,25,10,0.714,2.73,-1.1,14,2,13,3,12,7,2782,2648,,2108,,252,727,0.347,658,925,0.711,385,1264,377,208,123,334,660
75,Denver,0.463,217,31,16,15,0.516,0.84,-0.42,8,6,10,7,6,8,2044,1999,,1535,,253,654,0.387,369,520,0.71,226,808,466,217,102,307,620
76,DePaul,0.423,221,33,12,21,0.364,1.5,7.47,3,15,9,11,3,10,2290,2487,,1848,,195,580,0.336,531,776,0.684,406,1119,359,221,139,444,713
77,Detroit Mercy,0.418,235,32,13,19,0.406,-3.25,-0.25,6,10,8,7,5,12,2275,2267,,1863,,191,595,0.321,528,724,0.729,399,1174,370,235,146,408,681
78,Drake,0.452,171,31,15,16,0.484,-0.77,1.03,6,12,10,7,5,9,2116,2115,,1592,,239,603,0.396,437,612,0.714,263,1009,395,171,67,370,571
79,Drexel,0.421,137,30,16,14,0.533,1.23,-0.24,8,8,9,5,7,9,2064,2020,,1707,,154,491,0.314,474,669,0.709,315,1071,353,137,117,255,638
80,Duke,0.46,244,35,26,9,0.743,19.51,8.48,13,5,20,3,6,6,2745,2359,,2020,,316,801,0.395,571,783,0.729,424,1207,509,244,105,334,681
81,Duquesne,0.442,175,30,13,17,0.433,0.66,1.03,5,11,6,11,7,6,2200,2211,,1699,,218,600,0.363,480,717,0.669,323,1060,457,175,83,331,540
82,East Carolina,0.441,215,34,17,17,0.5,-4.08,-2.41,5,11,14,7,3,10,2477,2411,,1833,,289,786,0.368,570,799,0.713,353,1145,458,215,107,398,589
83,East Tennessee State,0.43,269,35,19,16,0.543,-5.93,-6.08,10,8,14,6,5,10,2689,2663,,2045,,275,758,0.363,656,877,0.748,368,1227,429,269,108,408,700
84,Eastern Illinois,0.44,171,30,11,19,0.367,-11.53,-4.21,7,9,7,8,4,11,2030,2206,,1598,,152,476,0.319,472,660,0.715,315,971,359,171,144,399,576
85,Eastern Kentucky,0.487,299,34,24,10,0.706,0.6,-4.34,11,5,15,4,9,6,2677,2411,,1810,,315,807,0.39,600,798,0.752,243,884,498,299,67,359,707
86,Eastern Michigan,0.409,306,37,22,15,0.595,1.79,0.67,10,8,17,4,5,11,2423,2270,,2004,,187,605,0.309,594,876,0.678,422,1302,393,306,221,433,677
87,Eastern Washington,0.454,147,31,15,16,0.484,-5.32,-4.15,10,10,11,4,4,12,2362,2329,,1791,,251,677,0.371,485,700,0.693,329,1133,417,147,133,373,603
88,Elon,0.468,161,32,18,14,0.563,-4.02,-4.5,11,5,11,5,7,9,2392,2281,,1789,,256,683,0.375,462,639,0.723,290,1086,442,161,93,386,576
89,Evansville,0.464,166,33,14,19,0.424,-3.12,1.2,6,12,10,8,4,11,2290,2383,,1672,,144,398,0.362,596,830,0.718,276,1057,485,166,124,423,623
90,Fairfield,0.398,141,32,7,25,0.219,-7.37,-0.81,4,16,5,12,2,13,2030,2240,,1753,,220,660,0.333,416,607,0.685,356,1134,360,141,117,469,734
91,Fairleigh Dickinson,0.42,209,31,10,21,0.323,-11.24,-4.07,6,10,6,7,4,14,2157,2358,,1766,,226,636,0.355,447,621,0.72,328,980,339,209,122,364,660
92,Florida A&M,0.402,237,32,14,18,0.438,-12.31,-7.58,8,8,10,4,4,14,2281,2370,,2010,,213,637,0.334,450,688,0.654,475,1253,360,237,132,466,768
93,Florida Atlantic,0.424,151,32,10,22,0.313,-5.12,-0.42,5,11,7,11,3,11,2120,2192,,1760,,210,629,0.334,416,647,0.643,396,1180,380,151,147,417,600
94,Florida Gulf Coast,0.467,200,35,22,13,0.629,-1.97,-5.76,14,4,16,3,6,10,2504,2339,,1958,,200,608,0.329,476,706,0.674,348,1282,447,200,125,460,637
95,Florida International,0.449,221,31,15,16,0.484,-5.4,-1.58,7,9,10,7,5,9,2128,2170,,1681,,152,481,0.316,468,698,0.67,358,1118,336,221,130,436,560
96,Florida State,0.466,213,36,22,14,0.611,12.63,8.13,9,9,16,8,6,6,2554,2392,,1873,,191,502,0.38,617,855,0.722,392,1256,385,213,191,512,650
97,Florida,0.46,274,39,36,3,0.923,20.69,8.54,18,0,24,0,12,3,2727,2253,,2056,,255,711,0.359,582,871,0.668,450,1385,509,274,118,431,611
98,Fordham,0.393,207,31,10,21,0.323,-3.16,3.14,2,14,8,8,2,13,2224,2419,,1942,,220,719,0.306,476,649,0.733,448,1152,379,207,126,353,616
99,Fresno State,0.438,253,39,21,18,0.538,3.59,3.75,9,9,13,7,8,11,2837,2749,,2170,,291,815,0.357,646,884,0.731,359,1320,470,253,177,394,751
100,Furman,0.442,147,30,9,21,0.3,-17.44,-7.4,3,13,6,9,3,12,1955,2196,,1540,,164,492,0.333,431,633,0.681,270,940,288,147,85,407,509
101,Gardner-Webb,0.447,252,33,18,15,0.545,-7.33,-6.9,10,6,11,6,7,9,2425,2309,,1895,,175,516,0.339,554,807,0.686,401,1182,498,252,104,405,607
102,George Mason,0.44,163,31,11,20,0.355,2.03,4.58,5,12,7,11,4,9,2154,2233,,1719,,153,435,0.352,489,690,0.709,340,1074,339,163,108,421,649
103,George Washington,0.463,235,33,24,9,0.727,10.6,4.42,11,5,17,4,7,5,2415,2211,,1812,,187,514,0.364,550,845,0.651,394,1229,461,235,135,428,595
104,Georgetown,0.46,200,33,18,15,0.545,10.96,8.27,8,10,16,5,2,10,2344,2255,,1743,,180,543,0.331,562,780,0.721,336,1101,431,200,141,387,728
105,Georgia Southern,0.436,233,34,15,19,0.441,-11.44,-8.6,6,10,8,8,7,11,2406,2395,,1927,,242,716,0.338,484,731,0.662,372,1197,327,233,56,405,589
106,Georgia State,0.468,260,34,25,9,0.735,6.04,-2.56,17,1,14,1,11,8,2641,2330,,1923,,252,672,0.375,589,757,0.778,280,1074,451,260,167,275,588
107,Georgia Tech,0.431,171,33,16,17,0.485,5.12,5.24,6,12,10,9,6,8,2200,2204,,1847,,173,549,0.315,435,636,0.684,373,1187,434,171,140,399,586
108,Georgia,0.441,173,34,20,14,0.588,7.9,5.78,12,6,16,6,4,8,2343,2271,,1740,,167,478,0.349,642,941,0.682,401,1259,341,173,158,446,640
109,Gonzaga,0.495,235,36,29,7,0.806,15.56,5.36,15,3,19,1,10,6,2761,2372,,1963,,255,643,0.397,562,793,0.709,343,1291,525,235,142,419,659
110,Grambling,0.411,177,29,5,24,0.172,-24.61,-9.05,3,15,4,9,1,15,1903,2316,,1576,,179,554,0.323,430,645,0.667,318,904,301,177,60,432,557
111,Grand Canyon,0.433,121,30,15,15,0.5,-6.4,-3.51,10,6,10,6,5,9,2163,2152,,1549,,206,588,0.35,615,831,0.74,283,1057,386,121,81,381,604
112,Green Bay,0.474,222,31,24,7,0.774,7.18,0.11,14,2,15,5,9,2,2304,1999,,1715,,150,424,0.354,528,751,0.703,346,1139,473,222,223,393,520
113,Hampton,0.419,234,31,18,13,0.581,-5.17,-7.91,13,4,9,5,9,8,2262,2177,,1781,,171,534,0.32,597,909,0.657,394,1173,367,234,184,457,736
114,Hartford,0.459,185,33,17,16,0.515,-6.63,-6.18,10,6,9,7,8,9,2162,2177,,1593,,265,704,0.376,435,619,0.703,230,909,402,185,68,458,632
115,Harvard,0.465,243,32,27,5,0.844,10.79,-0.47,13,1,13,2,14,3,2343,1952,,1691,,184,478,0.385,587,811,0.724,335,1092,449,243,155,365,566
116,Hawaii,0.473,190,31,20,11,0.645,3.43,-1.68,9,7,14,6,6,5,2479,2270,,1829,,177,528,0.335,570,789,0.722,395,1114,437,190,110,366,604
117,High Point,0.472,184,31,16,15,0.516,-8.23,-5.23,12,4,10,4,6,11,2203,2253,,1698,,187,485,0.386,414,558,0.742,299,985,455,184,108,373,532
118,Hofstra,0.419,159,33,10,23,0.303,-6.56,-1.89,5,11,8,8,2,15,2260,2414,,1788,,229,685,0.334,531,806,0.659,419,1195,355,159,106,406,646
119,Holy Cross,0.43,207,34,20,14,0.588,-1.58,-3.28,12,6,9,5,11,9,2277,2219,,1795,,217,615,0.353,518,708,0.732,337,1120,387,207,135,398,579
120,Houston Baptist,0.425,157,31,6,25,0.194,-17.39,-5.39,2,16,5,10,1,15,2091,2373,,1733,,157,456,0.344,460,674,0.682,350,1111,385,157,67,484,662
121,Houston,0.454,179,33,17,16,0.515,2.68,4.62,8,10,14,7,3,9,2345,2409,,1833,,212,578,0.367,467,700,0.667,359,1141,486,179,182,421,603
122,Howard,0.378,207,33,8,25,0.242,-16.77,-5.22,5,11,5,8,3,17,2020,2344,,1690,,175,519,0.337,567,835,0.679,385,1096,261,207,131,540,726
123,Idaho State,0.449,210,29,11,18,0.379,-6.42,-4.72,8,12,9,4,2,14,2054,2036,,1547,,166,453,0.366,500,701,0.713,347,1012,342,210,78,360,525
124,Idaho,0.447,146,34,16,18,0.471,-6.42,-3.72,7,9,11,7,5,11,2461,2536,,1865,,216,608,0.355,579,842,0.688,358,1161,384,146,58,388,702
125,Illinois-Chicago,0.421,171,31,6,25,0.194,-7.17,0.63,1,15,4,13,2,12,2071,2248,,1696,,172,525,0.328,471,660,0.714,336,1054,346,171,55,388,672
126,Illinois State,0.407,262,34,18,16,0.529,1.08,1.77,9,9,15,5,3,11,2323,2329,,1886,,244,781,0.312,545,774,0.704,338,1181,409,262,160,420,696
127,Illinois,0.411,215,35,20,15,0.571,10.33,8.28,7,11,13,8,7,7,2248,2176,,1941,,210,662,0.317,444,606,0.733,375,1181,351,215,127,364,587
128,Incarnate Word,0.488,177,27,21,6,0.778,-8.47,-10.74,9,5,14,1,7,5,2216,1935,,1581,,203,522,0.389,471,688,0.685,301,1070,426,177,115,382,480
129,Indiana State,0.45,198,34,23,11,0.676,3.29,1.19,12,6,14,4,9,7,2416,2328,,1809,,219,629,0.348,569,787,0.723,304,1129,440,198,117,382,645
130,Indiana,0.448,190,32,17,15,0.531,11.32,6.64,7,11,15,5,2,10,2312,2162,,1741,,176,512,0.344,576,789,0.73,396,1241,368,190,138,482,587
131,Iona,0.487,219,33,22,11,0.667,5.96,-0.1,17,3,12,3,10,8,2760,2560,,1944,,338,853,0.396,528,739,0.714,288,1094,576,219,122,349,584
132,Iowa State,0.474,214,36,28,8,0.778,18.52,9.88,11,7,20,1,8,7,2989,2678,,2239,,301,840,0.358,564,814,0.693,375,1387,663,214,106,380,623
133,Iowa,0.463,234,33,20,13,0.606,18.58,7.43,9,9,15,7,5,6,2689,2321,,1984,,191,546,0.35,660,898,0.735,447,1332,532,234,164,371,603
134,IPFW,0.488,238,35,24,11,0.686,-0.2,-3.87,10,4,16,3,8,8,2664,2481,,1920,,269,699,0.385,521,787,0.662,373,1182,499,238,83,433,595
135,IUPUI,0.438,161,32,6,26,0.188,-14.33,-1.36,1,13,5,10,1,16,2126,2383,,1784,,140,450,0.311,422,569,0.742,261,995,333,161,98,354,516
136,Jackson State,0.417,188,31,11,20,0.355,-11.62,-8.72,7,11,6,6,5,14,2041,2131,,1707,,121,413,0.293,498,688,0.724,367,1092,296,188,100,465,711
137,Jacksonville State,0.419,195,31,10,21,0.323,-11.97,-5.14,4,12,7,6,3,15,2014,2176,,1633,,175,541,0.323,469,695,0.675,336,950,366,195,110,351,601
138,Jacksonville,0.437,220,30,12,18,0.4,-11.86,-4.86,8,10,10,5,2,13,2231,2385,,1729,,188,553,0.34,531,749,0.709,362,1027,393,220,105,409,565
139,James Madison,0.409,182,31,11,20,0.355,-7.65,-2.2,6,10,6,8,5,12,1961,2130,,1582,,151,553,0.273,514,750,0.685,314,1045,272,182,96,379,607
140,Kansas State,0.434,205,33,20,13,0.606,12.14,8.47,10,8,17,3,3,10,2280,2159,,1840,,198,598,0.331,486,741,0.656,406,1180,503,205,98,404,714
141,Kansas,0.493,204,35,25,10,0.714,20.25,11.4,14,4,18,3,7,7,2764,2454,,1937,,189,556,0.34,665,935,0.711,416,1336,523,204,196,463,732
142,Kennesaw State,0.422,182,31,6,25,0.194,-16.16,-4.05,3,15,4,11,2,14,2016,2304,,1676,,192,559,0.343,408,628,0.65,346,1019,344,182,95,494,673
143,Kent State,0.429,199,32,16,16,0.5,-1.81,-1.94,7,11,11,7,5,9,2228,2188,,1787,,232,670,0.346,464,660,0.703,341,1074,362,199,109,390,670
144,Kentucky,0.454,189,40,29,11,0.725,18.07,9.9,12,6,22,3,7,8,2992,2665,,2213,,203,611,0.332,781,1146,0.682,573,1607,446,189,236,481,732
145,La Salle,0.413,173,31,15,16,0.484,4.1,4.75,7,9,11,8,4,8,2100,2120,,1743,,177,544,0.325,483,682,0.708,370,1100,385,173,106,360,495
146,Lafayette,0.47,162,31,11,20,0.355,-7.64,-3.38,6,12,6,7,5,13,2212,2315,,1661,,231,580,0.398,419,563,0.744,264,927,400,162,66,384,555
147,Lamar,0.437,160,30,4,26,0.133,-16.61,-6.04,3,15,3,11,1,15,2001,2318,,1628,,97,315,0.308,482,648,0.744,278,945,361,160,86,420,554
148,Lehigh,0.432,159,32,14,18,0.438,-6.52,-3.83,7,11,10,6,4,12,2121,2207,,1756,,199,555,0.359,406,574,0.707,280,1067,416,159,112,384,572
149,Liberty,0.458,150,32,11,21,0.344,-10.26,-7.47,5,11,8,9,3,12,2250,2234,,1781,,180,502,0.359,438,622,0.704,403,1186,423,150,110,424,564
150,Lipscomb,0.432,202,30,15,15,0.5,-8.2,-5.13,10,8,7,5,8,10,2276,2355,,1683,,275,778,0.353,547,800,0.684,291,991,416,202,57,376,661
151,Long Beach State,0.432,186,32,15,17,0.469,1.44,2.71,10,6,9,6,6,11,2236,2255,,1904,,191,613,0.312,401,607,0.661,428,1178,405,186,80,390,571
152,Long Island University,0.428,125,29,9,20,0.31,-13.66,-5.55,4,12,5,7,4,13,2080,2315,,1653,,218,631,0.345,448,625,0.717,325,1001,407,125,66,371,509
153,Longwood,0.44,216,32,8,24,0.25,-20.31,-5.56,3,13,5,11,3,13,2235,2570,,1845,,180,513,0.351,431,591,0.729,309,998,430,216,58,408,623
154,Louisiana-Lafayette,0.465,250,35,23,12,0.657,2.91,-0.28,11,7,16,2,7,10,2835,2633,,2127,,246,670,0.367,613,913,0.671,481,1329,472,250,144,467,734
155,Louisiana-Monroe,0.427,154,27,10,17,0.37,-5.21,0.02,7,11,6,7,4,10,1738,1851,,1470,,143,450,0.318,339,536,0.632,287,943,341,154,94,358,498
156,Louisiana State,0.444,261,34,20,14,0.588,10.05,6.61,9,9,14,4,6,10,2540,2423,,2067,,231,675,0.342,473,707,0.669,444,1334,479,261,199,464,635
157,Louisiana Tech,0.453,339,37,29,8,0.784,12.44,-1.2,13,3,17,3,12,5,2998,2460,,2284,,286,868,0.329,644,948,0.679,478,1448,582,339,188,424,705
158,Louisville,0.471,370,37,31,6,0.838,24.69,4.8,15,3,19,3,12,3,2998,2262,,2232,,288,783,0.368,608,920,0.661,503,1396,568,370,173,391,723
159,Loyola (IL),0.462,176,32,10,22,0.313,-4.75,-1.14,4,14,9,6,1,16,2105,2199,,1609,,191,546,0.35,426,606,0.703,266,973,419,176,82,426,622
160,Loyola Marymount,0.436,228,32,13,19,0.406,-0.49,4.03,4,14,9,8,4,11,2345,2468,,1922,,141,480,0.294,528,693,0.762,390,1088,406,228,120,388,645
161,Loyola (MD),0.414,236,30,11,19,0.367,-10.58,-3.23,6,12,7,7,4,12,1957,2158,,1642,,145,452,0.321,452,678,0.667,329,935,336,236,128,357,584
162,Maine,0.443,220,29,6,23,0.207,-17.58,-4.72,4,12,5,10,1,13,2091,2404,,1712,,182,543,0.335,391,577,0.678,271,966,418,220,66,438,606
163,Manhattan,0.451,273,33,25,8,0.758,6.04,-0.9,15,5,11,3,14,5,2540,2311,,1837,,208,564,0.369,676,1019,0.663,415,1234,433,273,200,468,799
164,Marist,0.408,202,31,12,19,0.387,-4.94,-1.27,9,11,9,7,3,12,2119,2233,,1736,,201,580,0.347,500,700,0.714,334,1057,342,202,122,384,583
165,Marquette,0.444,202,32,17,15,0.531,10.08,6.61,9,9,12,7,5,8,2310,2199,,1800,,154,480,0.321,556,806,0.69,379,1167,474,202,100,383,631
166,Marshall,0.432,211,33,11,22,0.333,-4.42,-1.32,4,12,8,10,3,12,2385,2375,,1938,,202,655,0.308,509,818,0.622,423,1222,397,211,124,426,658
167,Maryland-Baltimore County,0.401,240,30,9,21,0.3,-14.21,-6.55,5,11,8,5,1,16,1968,2185,,1667,,173,570,0.304,457,698,0.655,342,1017,355,240,84,450,702
168,Maryland-Eastern Shore,0.401,196,30,6,24,0.2,-17.03,-6.61,4,12,5,9,1,15,1996,2251,,1637,,180,558,0.323,504,699,0.721,354,979,339,196,62,379,584
169,Maryland,0.43,202,32,17,15,0.531,11.33,8.08,9,9,14,4,3,11,2270,2166,,1844,,226,660,0.342,460,677,0.679,384,1200,374,202,139,408,634
170,Massachusetts-Lowell,0.394,166,28,10,18,0.357,-13.71,-4.53,8,8,6,6,4,12,1718,1938,,1447,,192,588,0.327,386,548,0.704,268,880,335,166,73,377,517
171,Massachusetts,0.459,226,33,24,9,0.727,10.61,6,10,6,14,3,10,6,2502,2350,,1962,,177,512,0.346,525,769,0.683,404,1267,499,226,178,446,649
172,McNeese State,0.393,211,31,11,20,0.355,-13.15,-4.01,9,9,8,4,3,16,2111,2358,,1857,,203,665,0.305,450,647,0.696,408,1142,369,211,117,397,554
173,Memphis,0.477,294,34,24,10,0.706,13.02,7.14,12,6,17,3,7,7,2614,2397,,2009,,182,552,0.33,516,801,0.644,427,1268,591,294,159,449,612
174,Mercer,0.476,211,36,27,9,0.75,5.33,-3.42,14,4,17,2,10,7,2836,2410,,2061,,290,756,0.384,582,791,0.736,407,1338,586,211,147,420,665
175,Miami (FL),0.421,161,33,17,16,0.515,7.6,5.63,7,11,9,9,8,7,2029,1964,,1690,,186,576,0.323,419,610,0.687,362,1140,346,161,124,335,522
176,Miami (OH),0.434,267,31,13,18,0.419,-4.37,0.13,8,10,8,7,5,11,2023,2160,,1664,,146,496,0.294,433,574,0.754,266,967,387,267,73,420,537
177,Michigan State,0.474,259,38,29,9,0.763,19.35,9.38,12,6,18,4,11,5,2870,2491,,2159,,307,783,0.392,515,728,0.707,409,1400,637,259,174,440,721
178,Michigan,0.477,191,37,28,9,0.757,18.52,9.65,15,3,18,3,10,6,2736,2408,,1982,,319,794,0.402,527,691,0.763,329,1160,525,191,88,345,527
179,Middle Tennessee,0.455,234,33,24,9,0.727,4.77,-0.78,13,3,15,3,9,6,2339,2067,,1795,,178,520,0.342,529,796,0.665,399,1211,433,234,158,416,664
180,Milwaukee,0.428,200,35,21,14,0.6,-1.53,-0.44,7,9,9,8,12,6,2465,2469,,1888,,245,754,0.325,604,823,0.734,343,1182,476,200,85,469,630
181,Minnesota,0.447,289,38,25,13,0.658,11.75,8.34,8,10,20,5,5,8,2715,2574,,2053,,272,773,0.352,607,818,0.742,394,1282,528,289,155,444,727
182,Mississippi State,0.442,255,33,14,19,0.424,-0.86,2.75,3,15,14,8,0,11,2234,2353,,1776,,154,502,0.307,510,769,0.663,325,1086,401,255,88,459,570
183,Mississippi Valley State,0.418,245,32,9,23,0.281,-21.08,-8.35,5,13,7,5,2,18,2293,2582,,1934,,203,646,0.314,474,707,0.67,374,1115,357,245,59,469,719
184,Mississippi,0.417,246,33,19,14,0.576,7.84,5.36,9,9,14,5,5,9,2482,2400,,2003,,258,761,0.339,552,793,0.696,428,1211,413,246,182,369,641
185,Missouri-Kansas City,0.43,217,30,10,20,0.333,-9,-1.93,7,9,5,9,5,11,2085,2295,,1697,,167,552,0.303,460,725,0.634,290,981,349,217,70,397,621
186,Missouri State,0.431,160,33,20,13,0.606,0.81,1.22,9,9,15,5,5,8,2262,2251,,1765,,230,645,0.357,510,720,0.708,303,1080,401,160,99,361,652
187,Missouri,0.457,176,35,23,12,0.657,10.06,6.86,9,9,19,3,4,9,2553,2441,,1805,,202,587,0.344,703,948,0.742,384,1293,355,176,114,443,670
188,Monmouth,0.42,222,32,11,21,0.344,-6.96,-2.9,5,15,8,9,3,12,2208,2338,,1847,,177,527,0.336,479,749,0.64,413,1184,386,222,96,462,698
189,Montana State,0.443,203,31,14,17,0.452,-10.7,-5.83,9,11,9,5,5,12,2109,2165,,1661,,185,522,0.354,452,636,0.711,267,966,325,203,50,357,561
190,Montana,0.477,152,30,17,13,0.567,-4.52,-5.23,12,8,11,4,6,9,2123,2070,,1475,,222,593,0.374,495,670,0.739,213,813,340,152,76,299,620
191,Morehead State,0.447,271,34,20,14,0.588,-1.88,-3.1,10,6,10,5,10,9,2603,2483,,1927,,188,629,0.299,693,992,0.699,482,1309,456,271,104,530,799
192,Morgan State,0.428,191,31,15,16,0.484,-5.81,-5.03,11,5,7,6,8,10,2215,2239,,1869,,140,536,0.261,475,776,0.612,446,1190,394,191,157,403,648
193,Mount St. Mary's,0.438,232,33,16,17,0.485,-6.32,-4.44,9,7,10,3,6,14,2504,2566,,1923,,296,834,0.355,522,706,0.739,328,1053,389,232,99,388,616
194,Murray State,0.475,203,34,23,11,0.676,0.98,-3.58,13,3,17,1,6,10,2647,2446,,1898,,252,671,0.376,593,883,0.672,397,1233,446,203,148,420,629
195,Navy,0.401,195,30,9,21,0.3,-11.95,-5.46,4,14,7,6,2,15,1820,1957,,1645,,201,612,0.328,299,471,0.635,335,1006,381,195,99,376,566
196,Nebraska-Omaha,0.45,266,32,17,15,0.531,-1.19,-2.78,5,9,11,4,6,11,2558,2404,,1967,,219,650,0.337,569,744,0.765,338,1102,493,266,87,403,595
197,Nebraska,0.427,222,32,19,13,0.594,10.13,8.5,11,7,15,2,4,11,2137,2085,,1684,,188,564,0.333,511,713,0.717,278,1059,304,222,99,349,660
198,Nevada-Las Vegas,0.438,160,33,20,13,0.606,8.55,2.76,10,8,13,8,7,5,2355,2164,,1905,,195,592,0.329,492,752,0.654,415,1314,437,160,213,367,520
199,Nevada,0.434,160,32,15,17,0.469,1.98,3.48,10,8,7,9,8,8,2316,2364,,1835,,214,634,0.338,510,699,0.73,352,1113,347,160,144,333,604
200,New Hampshire,0.376,121,30,6,24,0.2,-13.97,-5.9,4,12,3,12,3,12,1735,1945,,1553,,211,639,0.33,356,514,0.693,286,1026,292,121,99,392,583
201,New Mexico State,0.488,169,36,26,10,0.722,6.16,-2.58,12,4,16,3,10,7,2771,2415,,1918,,194,523,0.371,705,1027,0.686,428,1346,474,169,224,457,614
202,New Mexico,0.458,162,34,27,7,0.794,12.72,4.84,15,3,14,3,13,4,2516,2248,,1851,,197,593,0.332,625,863,0.724,360,1296,522,162,172,360,577
203,New Orleans,0.429,172,26,11,15,0.423,-15.03,-5.53,8,10,6,6,5,9,1858,1987,,1434,,136,402,0.338,492,722,0.681,340,968,316,172,84,437,546
204,Niagara,0.429,230,33,7,26,0.212,-8.16,-1.34,3,17,4,12,3,14,2484,2709,,1949,,166,554,0.3,646,947,0.682,409,1132,330,230,71,450,784
205,Nicholls State,0.444,168,29,14,15,0.483,-13.13,-7.67,10,8,10,3,4,12,1986,2114,,1595,,178,582,0.306,392,619,0.633,293,920,384,168,83,351,685
206,NJIT,0.444,187,29,13,16,0.448,-12.52,-7.48,0,0,7,6,6,10,2109,2061,,1638,,216,578,0.374,435,603,0.721,284,990,394,187,104,379,585
207,Norfolk State,0.465,207,34,19,15,0.559,-7.82,-7.17,11,5,10,6,9,9,2428,2398,,1864,,187,532,0.352,509,734,0.693,418,1195,465,207,135,457,671
208,North Carolina-Asheville,0.456,207,32,17,15,0.531,-6.81,-5.5,10,6,12,3,5,12,2486,2424,,1832,,223,601,0.371,591,793,0.745,385,1202,402,207,191,438,612
209,North Carolina A&T,0.383,151,32,9,23,0.281,-16.43,-7.4,5,11,7,5,2,18,2089,2342,,1626,,171,564,0.303,674,964,0.699,388,1159,297,151,129,489,742
210,North Carolina Central,0.462,262,34,28,6,0.824,3.97,-8.03,16,1,14,0,14,6,2513,2023,,1832,,184,545,0.338,635,872,0.728,403,1197,500,262,137,389,660
211,North Carolina-Greensboro,0.44,180,32,14,18,0.438,-12.33,-6.12,7,9,10,8,4,10,2267,2373,,1835,,167,488,0.342,484,704,0.688,336,1172,380,180,75,447,681
212,North Carolina State,0.461,173,36,22,14,0.611,9.02,7.44,9,9,15,7,7,7,2561,2504,,2060,,160,525,0.305,501,762,0.657,422,1239,466,173,149,375,670
213,North Carolina-Wilmington,0.402,191,32,9,23,0.281,-8.75,-0.78,3,13,6,8,3,15,2018,2221,,1841,,139,509,0.273,397,606,0.655,390,1148,346,191,129,367,581
214,North Carolina,0.463,249,34,24,10,0.706,15.24,8.42,13,5,17,4,7,6,2604,2372,,2057,,146,434,0.336,552,882,0.626,483,1350,523,249,161,406,690
215,North Dakota State,0.505,206,33,26,7,0.788,6.31,-0.02,12,2,14,2,12,5,2492,2164,,1759,,176,483,0.364,540,719,0.751,307,1081,382,206,145,325,588
216,North Dakota,0.456,287,34,17,17,0.5,-6.84,-3.78,12,8,13,5,4,12,2526,2537,,1951,,200,611,0.327,548,797,0.688,378,1071,417,287,90,379,691
217,North Florida,0.442,167,32,16,16,0.5,-7.52,-3.32,10,8,9,5,7,11,2318,2377,,1784,,227,633,0.359,513,728,0.705,383,1183,401,167,126,483,601
218,North Texas,0.42,210,32,16,16,0.5,-4.67,-1.53,6,10,10,8,6,8,2228,2313,,1845,,157,476,0.33,523,769,0.68,361,1183,324,210,114,405,645
219,Northeastern,0.434,173,32,11,21,0.344,-3.11,-0.3,7,9,4,8,7,13,2109,2199,,1692,,156,481,0.324,485,752,0.645,361,1117,371,173,110,420,553
220,Northern Arizona,0.454,198,32,15,17,0.469,-6.6,-4.37,12,8,9,5,6,12,2144,2189,,1715,,170,485,0.351,418,586,0.713,344,1055,344,198,126,404,564
221,Northern Colorado,0.493,183,32,18,14,0.563,-4.33,-6.09,11,9,13,3,5,11,2364,2248,,1752,,190,492,0.386,446,651,0.685,346,1025,388,183,73,365,626
222,Northern Illinois,0.391,211,32,15,17,0.469,-3.54,-1.28,8,10,10,7,5,10,1992,2012,,1651,,137,494,0.277,565,826,0.684,429,1199,271,211,107,470,642
223,Northern Iowa,0.45,175,31,16,15,0.516,5.29,2.85,10,8,11,3,5,12,2256,2149,,1693,,264,732,0.361,468,646,0.724,272,1022,436,175,90,330,568
224,Northern Kentucky,0.435,163,30,9,21,0.3,-10.53,-4.97,5,13,7,9,2,12,2044,2211,,1618,,228,654,0.349,408,578,0.706,286,940,334,163,89,348,624
225,Northwestern State,0.47,270,31,17,14,0.548,-3.59,-4.66,12,6,10,4,7,10,2686,2599,,2037,,176,527,0.334,594,802,0.741,393,1182,513,270,165,420,635
226,Northwestern,0.396,142,33,14,19,0.424,4.72,8.57,6,12,8,10,6,9,1964,2091,,1679,,217,708,0.306,417,596,0.7,249,1074,364,142,121,360,609
227,Notre Dame,0.455,187,32,15,17,0.469,8.19,6.78,6,12,13,8,2,9,2303,2258,,1842,,228,637,0.358,397,553,0.718,344,1081,484,187,97,331,518
228,Oakland,0.434,229,33,13,20,0.394,-2.23,2.78,7,9,10,7,3,13,2455,2554,,1890,,279,754,0.37,534,732,0.73,298,1025,522,229,61,367,658
229,Ohio State,0.45,270,35,25,10,0.714,17.84,8.12,10,8,18,3,7,7,2432,2092,,1875,,200,617,0.324,546,793,0.689,346,1187,421,270,157,394,577
230,Ohio,0.458,232,36,24,12,0.667,2.7,-1.17,11,7,13,7,11,5,2562,2423,,1978,,265,754,0.351,487,679,0.717,334,1252,532,232,151,464,688
231,Oklahoma State,0.463,260,34,21,13,0.618,19.02,8.34,8,10,15,3,6,10,2728,2365,,1941,,239,656,0.364,693,964,0.719,332,1203,463,260,160,356,680
232,Oklahoma,0.447,224,33,23,10,0.697,14.91,8.97,12,6,16,3,7,7,2704,2508,,2034,,285,752,0.379,601,802,0.749,398,1242,483,224,108,376,625
233,Old Dominion,0.428,226,36,18,18,0.5,-1.12,-0.81,9,7,12,8,6,10,2311,2322,,1927,,190,583,0.326,471,758,0.621,431,1282,382,226,142,474,709
234,Oral Roberts,0.46,172,33,17,16,0.515,-2.94,-4.43,10,8,9,5,8,11,2357,2287,,1806,,157,447,0.351,538,747,0.72,364,1168,398,172,147,376,644
235,Oregon State,0.488,155,32,16,16,0.5,6.03,5.87,8,10,12,5,4,11,2425,2420,,1689,,177,451,0.392,598,860,0.695,312,1097,430,155,152,432,607
236,Oregon,0.469,263,34,24,10,0.706,15.75,8.05,10,8,16,5,8,5,2783,2521,,1977,,259,666,0.389,668,865,0.772,355,1159,492,263,113,389,725
237,Pacific,0.446,173,34,18,16,0.529,1.74,3.25,6,12,10,7,8,9,2484,2523,,1889,,216,600,0.36,584,763,0.765,375,1177,423,173,61,415,767
238,Penn State,0.428,154,34,16,18,0.471,7.68,7.06,6,12,11,8,5,10,2409,2388,,1915,,210,659,0.319,559,754,0.741,357,1197,384,154,159,361,711
239,Pennsylvania,0.451,163,28,8,20,0.286,-6.59,-0.01,5,9,6,8,2,12,1911,2095,,1517,,140,436,0.321,403,594,0.678,267,939,408,163,97,450,633
240,Pepperdine,0.454,148,31,15,16,0.484,0.8,2.6,8,10,8,7,7,9,2206,2247,,1701,,197,551,0.358,463,661,0.7,314,1075,428,148,134,379,584
241,Pittsburgh,0.46,254,36,26,10,0.722,17.46,7.54,11,7,16,6,10,4,2586,2229,,1944,,183,522,0.351,613,861,0.712,432,1291,563,254,107,373,620
242,Portland State,0.464,194,32,17,15,0.531,-7.59,-5.59,11,9,12,5,5,10,2320,2311,,1729,,196,543,0.361,520,711,0.731,285,979,411,194,69,366,616
243,Portland,0.456,184,31,15,16,0.484,4.77,1.73,7,11,11,6,4,10,2327,2233,,1778,,191,485,0.394,516,702,0.735,339,1116,472,184,128,366,620
244,Prairie View,0.417,243,34,11,23,0.324,-16.72,-7.99,6,12,7,7,4,16,2362,2623,,1949,,223,651,0.343,513,791,0.649,403,1164,362,243,89,490,746
245,Presbyterian,0.448,141,32,6,26,0.188,-20.71,-7.51,2,14,5,9,1,17,2092,2445,,1724,,190,538,0.353,358,529,0.677,244,980,372,141,96,398,494
246,Princeton,0.442,189,30,21,9,0.7,3.01,-2.4,8,6,11,2,10,7,2118,1931,,1592,,278,774,0.359,432,599,0.721,252,982,431,189,109,335,508
247,Providence,0.428,194,35,23,12,0.657,11.37,7.85,10,8,16,3,7,9,2566,2443,,1984,,218,628,0.347,650,831,0.782,432,1278,476,194,173,406,603
248,Purdue,0.427,179,32,15,17,0.469,8.21,7.62,5,13,13,6,2,11,2312,2293,,1926,,176,538,0.327,492,733,0.671,445,1256,419,179,168,393,662
249,Quinnipiac,0.424,115,32,20,12,0.625,-0.13,-2.41,14,6,10,3,10,9,2521,2448,,1968,,173,485,0.357,678,947,0.716,535,1454,404,115,147,402,623
250,Radford,0.478,247,35,22,13,0.629,-7.9,-8.31,10,6,11,4,11,9,2729,2600,,2035,,221,610,0.362,564,820,0.688,397,1213,460,247,128,383,662
251,Rhode Island,0.443,158,32,14,18,0.438,2.87,3.26,5,12,10,6,4,12,2169,2178,,1703,,152,474,0.321,509,779,0.653,356,1154,385,158,166,451,651
252,Rice,0.403,140,30,7,23,0.233,-9.43,-0.43,2,14,6,10,1,13,1853,2083,,1582,,237,733,0.323,342,527,0.649,233,971,414,140,57,394,569
253,Richmond,0.422,193,33,19,14,0.576,5.7,4.3,8,8,12,5,7,9,2196,2150,,1777,,209,649,0.322,487,728,0.669,305,1074,349,193,142,351,636
254,Rider,0.436,188,31,14,17,0.452,-4.34,-1.69,9,11,6,7,8,10,2292,2374,,1704,,237,597,0.397,569,778,0.731,338,1040,377,188,89,409,623
255,Robert Morris,0.438,255,36,22,14,0.611,-3.52,-3.79,14,2,12,3,10,11,2593,2583,,2033,,271,703,0.385,542,745,0.728,384,1205,445,255,65,411,656
256,Rutgers,0.426,190,33,12,21,0.364,-0.29,5.8,5,13,11,10,1,11,2347,2515,,1931,,199,593,0.336,502,711,0.706,399,1169,418,190,140,417,681
257,Sacramento State,0.46,158,30,14,16,0.467,-8.04,-5.54,10,10,11,3,3,13,2070,2079,,1598,,183,491,0.373,417,575,0.725,281,947,402,158,42,338,634
258,Sacred Heart,0.413,166,31,5,26,0.161,-12.93,-5.97,2,14,1,10,4,16,2162,2378,,1836,,197,603,0.327,449,655,0.685,379,1070,388,166,65,378,618
259,Saint Francis (PA),0.409,176,31,10,21,0.323,-13.2,-5.65,7,9,5,8,5,13,1916,2150,,1649,,220,688,0.32,346,539,0.642,280,934,361,176,85,333,481
260,Saint Joseph's,0.47,151,34,24,10,0.706,9.05,5.08,11,5,15,4,9,6,2433,2298,,1789,,250,660,0.379,503,780,0.645,326,1218,476,151,154,421,544
261,Saint Louis,0.444,253,34,27,7,0.794,11.63,4.24,13,3,14,5,13,2,2374,2105,,1869,,190,601,0.316,526,755,0.697,345,1231,482,253,138,431,597
262,Saint Mary's (CA),0.45,203,35,23,12,0.657,9.35,4.29,11,7,16,4,7,8,2502,2292,,1818,,246,640,0.384,618,873,0.708,407,1188,430,203,117,409,678
263,Saint Peter's,0.407,199,31,14,17,0.452,-5.88,-3.27,9,11,8,5,6,12,1961,2042,,1618,,163,516,0.316,480,682,0.704,329,1053,303,199,135,373,568
264,Sam Houston State,0.462,236,35,24,11,0.686,-4.45,-7.6,13,5,14,3,10,8,2647,2431,,1893,,250,638,0.392,647,969,0.668,417,1220,551,236,122,447,746
265,Samford,0.474,185,33,13,20,0.394,-14.91,-7.41,6,10,10,4,3,16,2327,2521,,1792,,161,488,0.33,468,692,0.676,299,1058,450,185,99,421,694
266,San Diego State,0.435,274,36,31,5,0.861,14.95,4.86,16,2,16,1,15,4,2530,2052,,2009,,186,519,0.358,598,902,0.663,470,1364,356,274,183,355,600
267,San Diego,0.45,202,35,18,17,0.514,2.16,1.97,7,11,11,8,7,9,2362,2283,,1815,,225,600,0.375,505,726,0.696,335,1160,410,202,137,414,652
268,San Francisco,0.473,177,33,21,12,0.636,5.92,4.28,13,5,13,6,8,6,2469,2357,,1819,,224,618,0.362,523,807,0.648,372,1176,479,177,85,381,644
269,San Jose State,0.374,133,31,7,24,0.226,-7.96,3.05,1,17,4,9,3,15,1938,2222,,1686,,265,797,0.332,411,569,0.722,321,1106,346,133,86,416,637
270,Santa Clara,0.425,200,33,14,19,0.424,0.88,3.01,6,12,8,8,6,11,2340,2325,,1853,,248,678,0.366,516,704,0.733,343,1057,403,200,137,329,663
271,Savannah State,0.419,223,32,13,19,0.406,-9.57,-5.37,10,6,8,5,5,14,1968,2057,,1653,,157,502,0.313,425,652,0.652,352,1072,334,223,157,502,669
272,Seattle,0.423,192,30,13,17,0.433,-5.86,-4.11,5,11,7,7,6,10,2139,2119,,1798,,222,657,0.338,397,609,0.652,421,1151,394,192,91,419,662
273,Seton Hall,0.454,226,34,17,17,0.5,7.53,5.56,6,12,12,8,5,9,2442,2375,,1797,,252,704,0.358,558,774,0.721,288,1103,452,226,93,415,675
274,Siena,0.419,222,38,20,18,0.526,-0.86,-0.15,11,9,14,5,6,13,2635,2662,,2165,,169,516,0.328,650,903,0.72,525,1429,514,222,178,523,854
275,South Alabama,0.403,153,31,11,20,0.355,-5.08,-0.51,5,13,10,6,1,14,2136,2182,,1776,,241,724,0.333,463,679,0.682,379,1155,349,153,123,380,621
276,South Carolina State,0.396,168,30,9,21,0.3,-17.21,-5.96,5,11,7,6,2,15,1883,2180,,1709,,148,524,0.282,383,587,0.652,402,1090,364,168,99,452,577
277,South Carolina Upstate,0.453,219,33,18,15,0.545,-2.02,-4.61,11,7,12,3,6,12,2398,2282,,1888,,205,645,0.318,483,716,0.675,399,1240,511,219,116,405,608
278,South Carolina,0.413,214,34,14,20,0.412,5.41,6.96,5,13,9,8,5,12,2323,2376,,1853,,195,516,0.378,598,847,0.706,468,1202,416,214,128,485,771
279,South Dakota State,0.447,174,32,19,13,0.594,-0.17,-1.93,10,4,11,3,8,10,2315,2198,,1719,,209,605,0.345,568,751,0.756,317,1138,421,174,102,381,561
280,South Dakota,0.442,163,30,12,18,0.4,-7.07,-0.81,6,8,10,4,2,14,2084,2152,,1613,,191,539,0.354,467,622,0.751,263,983,381,163,113,371,522
281,South Florida,0.434,186,32,12,20,0.375,-0.52,4.6,3,15,7,10,5,10,2100,2264,,1729,,97,376,0.258,501,757,0.662,354,1122,402,186,118,411,566
282,Southeast Missouri State,0.499,228,32,18,14,0.563,-5.49,-6.59,8,8,11,4,7,10,2654,2514,,1924,,218,607,0.359,514,743,0.692,360,1191,533,228,136,419,641
283,Southeastern Louisiana,0.443,137,30,12,18,0.4,-13.06,-7.67,7,11,8,5,4,13,2085,2172,,1612,,204,560,0.364,453,650,0.697,256,958,351,137,124,363,593
284,Southern California,0.439,174,32,11,21,0.344,2.6,8.02,2,16,9,10,2,11,2258,2410,,1824,,146,501,0.291,510,761,0.67,354,1185,404,174,141,449,628
285,SIU Edwardsville,0.47,212,31,11,20,0.355,-10.61,-5.33,7,9,9,6,2,14,2264,2364,,1715,,223,590,0.378,429,645,0.665,298,963,436,212,94,429,627
286,Southern Illinois,0.455,237,33,14,19,0.424,-0.46,0.23,9,9,10,6,4,13,2208,2208,,1717,,148,449,0.33,498,741,0.672,371,1104,330,237,70,404,632
287,Southern Methodist,0.483,282,37,27,10,0.73,13.73,4.97,12,6,20,2,7,8,2627,2303,,1938,,174,459,0.379,579,848,0.683,402,1333,560,282,165,493,692
288,Southern Mississippi,0.463,294,36,29,7,0.806,6.84,-0.08,13,3,16,0,13,7,2596,2280,,1884,,201,576,0.349,649,956,0.679,457,1286,507,294,74,481,743
289,Southern Utah,0.404,129,29,2,27,0.069,-19.9,-3.19,1,19,2,11,0,16,1710,2171,,1462,,131,401,0.327,397,576,0.689,234,827,313,129,94,403,675
290,Southern,0.452,199,32,19,13,0.594,-4.22,-7.95,15,3,10,4,9,9,2278,2006,,1822,,188,554,0.339,444,718,0.618,378,1236,419,199,156,425,685
291,St. Bonaventure,0.455,230,33,18,15,0.545,5.92,2.64,6,10,11,4,7,11,2421,2313,,1881,,155,475,0.326,554,774,0.716,418,1164,443,230,139,423,668
292,St. Francis (NY),0.431,181,32,18,14,0.563,-4.64,-5.9,9,7,10,3,8,11,2207,2139,,1813,,195,619,0.315,450,659,0.683,383,1189,399,181,170,421,639
293,St. John's (NY),0.445,224,33,20,13,0.606,11.68,6.56,10,8,14,6,6,7,2403,2234,,1948,,164,470,0.349,505,722,0.699,372,1216,434,224,249,353,623
294,Stanford,0.459,191,36,23,13,0.639,13.42,9,10,8,13,5,10,8,2616,2457,,1950,,208,571,0.364,616,877,0.702,347,1257,415,191,154,409,655
295,Stephen F. Austin,0.463,257,35,32,3,0.914,4.82,-6.76,18,0,16,1,16,2,2661,2219,,1992,,248,718,0.345,569,800,0.711,451,1186,574,257,104,393,730
296,Stetson,0.42,174,31,7,24,0.226,-15.81,-4.97,5,13,6,7,1,17,1916,2252,,1628,,159,541,0.294,391,590,0.663,294,926,370,174,116,383,529
297,Stony Brook,0.453,200,34,23,11,0.676,-1.71,-6.47,13,3,12,4,11,7,2426,2253,,1900,,184,518,0.355,522,725,0.72,394,1251,434,200,108,426,647
298,Syracuse,0.437,271,34,28,6,0.824,16.05,7.25,14,4,17,2,11,4,2311,2012,,1873,,167,505,0.331,506,715,0.708,446,1200,402,271,171,306,546
299,Temple,0.428,180,31,9,22,0.29,2.69,6.88,4,14,4,10,5,12,2291,2421,,1934,,201,594,0.338,434,614,0.707,383,1102,421,180,109,327,573
300,Tennessee-Martin,0.424,234,31,8,23,0.258,-13.45,-4.82,3,13,5,10,3,13,2304,2526,,1870,,218,636,0.343,502,692,0.725,350,982,426,234,82,361,654
301,Tennessee State,0.429,163,30,5,25,0.167,-9.82,-1.99,4,12,3,11,2,14,2061,2265,,1647,,147,502,0.293,500,714,0.7,344,1007,314,163,84,371,641
302,Tennessee Tech,0.454,245,33,17,16,0.515,-8.09,-4.57,9,7,10,5,7,11,2376,2376,,1810,,185,565,0.327,547,808,0.677,412,1171,408,245,154,498,729
303,Tennessee,0.453,192,37,24,13,0.649,17.34,7.84,11,7,16,4,8,9,2672,2283,,2048,,205,631,0.325,613,852,0.719,501,1424,472,192,172,388,617
304,Texas A&M-Corpus Christi,0.474,224,34,18,16,0.529,-6.41,-6.69,14,4,10,7,8,9,2350,2312,,1764,,148,405,0.365,528,796,0.663,377,1135,425,224,98,413,685
305,Texas A&M,0.425,218,34,18,16,0.529,5.5,3.62,8,10,17,3,1,13,2199,2135,,1821,,197,621,0.317,454,707,0.642,325,1147,439,218,130,386,609
306,Texas-Arlington,0.437,163,32,15,17,0.469,-4.92,-0.92,9,9,9,5,6,12,2443,2488,,1865,,259,748,0.346,554,785,0.706,373,1185,390,163,120,431,634
307,Texas Christian,0.403,185,31,9,22,0.29,-1.33,7.9,0,18,6,10,3,12,1973,2247,,1623,,146,454,0.322,519,709,0.732,259,928,354,185,100,362,534
308,Texas-El Paso,0.465,170,34,23,11,0.676,4.39,0.05,12,4,14,6,9,5,2347,2152,,1714,,151,457,0.33,602,880,0.684,348,1233,458,170,138,451,618
309,Texas-Pan American,0.413,224,32,9,23,0.281,-10.65,-4.42,5,11,3,11,6,12,2101,2262,,1828,,155,555,0.279,436,660,0.661,349,1058,400,224,75,391,663
310,Texas-San Antonio,0.423,181,30,8,22,0.267,-11.1,-1.03,4,12,7,9,1,13,2066,2304,,1545,,181,547,0.331,577,836,0.69,360,1038,316,181,55,473,619
311,Texas Southern,0.462,155,34,19,15,0.559,-8.41,-10.07,12,6,9,2,10,13,2584,2512,,1854,,217,603,0.36,653,910,0.718,386,1246,476,155,124,454,561
312,Texas State,0.435,182,31,8,23,0.258,-7.74,-1.4,4,14,6,9,2,14,1903,2047,,1604,,145,474,0.306,364,549,0.663,313,1004,344,182,87,425,561
313,Texas Tech,0.456,196,32,14,18,0.438,8.61,8.61,6,12,11,6,3,12,2190,2190,,1718,,140,450,0.311,484,665,0.728,377,1054,366,196,117,385,605
314,Texas,0.432,199,35,24,11,0.686,12.67,9.15,11,7,17,2,7,9,2598,2475,,2095,,178,545,0.327,610,909,0.671,528,1449,452,199,206,426,669
315,Toledo,0.465,231,34,27,7,0.794,3.3,-1.46,14,4,15,1,12,6,2694,2490,,1996,,193,560,0.345,643,887,0.725,421,1218,508,231,101,346,592
316,Towson,0.454,147,36,25,11,0.694,0.55,-3.06,13,3,15,2,10,9,2633,2477,,1910,,213,596,0.357,686,998,0.687,433,1395,355,147,177,415,711
317,Troy,0.416,182,31,11,20,0.355,-6.17,-2.9,6,12,8,7,3,13,2121,2171,,1688,,219,645,0.34,496,750,0.661,373,1102,343,182,78,391,493
318,Tulane,0.413,163,34,17,17,0.5,-7.89,-1.73,8,8,12,8,5,9,2164,2357,,1681,,205,584,0.351,571,823,0.694,351,1146,314,163,97,436,630
319,Tulsa,0.44,232,34,21,13,0.618,6.23,1.17,13,3,11,4,10,9,2471,2299,,1899,,197,603,0.327,604,894,0.676,368,1231,427,232,127,395,725
320,UCLA,0.489,341,37,28,9,0.757,18.4,7.62,12,6,16,2,12,7,3003,2604,,2196,,229,603,0.38,628,839,0.749,368,1308,636,341,111,379,652
321,Utah State,0.452,110,32,18,14,0.563,4.77,3.09,7,11,13,5,5,9,2215,2132,,1732,,220,542,0.406,431,587,0.734,347,1166,510,110,116,353,565
322,Utah Valley,0.436,159,32,20,12,0.625,-4.42,-3.65,13,3,13,2,7,10,2161,2093,,1676,,208,600,0.347,491,650,0.755,294,1087,453,159,89,355,536
323,Utah,0.488,222,33,21,12,0.636,12.66,6.21,9,9,19,2,2,10,2479,2122,,1781,,204,581,0.351,537,723,0.743,299,1162,504,222,149,396,563
324,Valparaiso,0.468,190,34,18,16,0.529,0.21,-0.24,9,7,12,6,6,10,2439,2283,,1738,,233,624,0.373,580,790,0.734,337,1220,437,190,173,506,706
325,Vanderbilt,0.431,145,31,15,16,0.484,5.52,6.49,7,11,10,6,5,10,2002,2032,,1598,,191,599,0.319,433,658,0.658,305,1069,404,145,138,414,541
326,Vermont,0.469,238,33,22,11,0.667,4.52,-4.57,15,1,10,2,12,9,2334,2000,,1673,,195,487,0.4,569,785,0.725,327,1131,424,238,140,396,615
327,Villanova,0.456,236,34,29,5,0.853,18.97,7.5,16,2,15,1,14,4,2651,2261,,1907,,304,855,0.356,607,848,0.716,379,1263,523,236,141,406,672
328,Virginia Commonwealth,0.42,391,35,26,9,0.743,14.55,4.78,12,4,16,0,10,9,2624,2282,,2196,,260,744,0.349,520,772,0.674,492,1317,459,391,150,428,686
329,VMI,0.446,254,35,22,13,0.629,-5.53,-6.33,11,5,14,3,8,10,3089,2891,,2441,,313,962,0.325,600,842,0.713,503,1452,491,254,218,371,661
330,Virginia Tech,0.406,101,31,9,22,0.29,1.9,5.99,2,16,8,10,1,12,1950,2077,,1639,,215,596,0.361,405,625,0.648,336,1138,338,101,141,392,524
331,Virginia,0.454,193,37,30,7,0.811,18.38,7.86,16,2,15,2,15,5,2449,2060,,1884,,206,559,0.369,533,792,0.673,391,1312,484,193,150,370,594
332,Wagner,0.42,195,31,19,12,0.613,-3.83,-6.73,12,4,10,3,9,9,2217,2122,,1849,,169,505,0.335,496,679,0.73,403,1221,356,195,200,396,634
333,Wake Forest,0.451,181,33,17,16,0.515,5.49,6.73,6,12,14,4,3,12,2300,2341,,1740,,166,505,0.329,566,871,0.65,336,1143,440,181,132,410,636
334,Washington State,0.4,159,31,10,21,0.323,1.34,7.24,3,15,7,8,3,13,1934,2081,,1633,,234,713,0.328,392,596,0.658,308,1016,325,159,89,355,565
335,Washington,0.446,172,32,17,15,0.531,6.26,6.45,9,9,14,4,3,11,2384,2390,,1871,,187,552,0.339,527,695,0.758,354,1105,427,172,92,365,618
336,Weber State,0.475,131,31,19,12,0.613,-0.92,-4.23,14,6,13,2,6,10,2254,2061,,1541,,222,566,0.392,568,767,0.741,265,1065,407,131,123,382,558
337,West Virginia,0.439,206,33,17,16,0.515,11.78,8.02,9,9,12,6,5,10,2546,2422,,1973,,258,678,0.381,556,771,0.721,393,1176,432,206,99,323,684
338,Western Carolina,0.425,248,34,19,15,0.559,-6.75,-6.43,10,6,11,3,8,12,2524,2469,,2041,,248,706,0.351,540,754,0.716,461,1226,415,248,165,413,759
339,Western Illinois,0.455,180,30,10,20,0.333,-7.55,-2.74,4,10,7,5,3,15,1838,1880,,1467,,142,418,0.34,362,545,0.664,238,914,373,180,87,400,553
340,Western Kentucky,0.414,165,32,20,12,0.625,-1.47,-1.34,12,6,13,4,7,8,2196,2162,,1766,,235,698,0.337,495,755,0.656,401,1171,361,165,78,434,608
341,Western Michigan,0.463,194,33,23,10,0.697,1.73,-1.45,14,4,13,2,10,8,2373,2235,,1684,,195,593,0.329,620,856,0.724,323,1143,376,194,111,464,602
342,Wichita State,0.461,247,36,35,1,0.972,16.65,1.74,18,0,17,0,18,1,2706,2141,,1942,,250,713,0.351,664,916,0.725,418,1381,491,247,184,375,611
343,William & Mary,0.476,177,32,20,12,0.625,-1.48,-2.29,10,6,10,4,10,8,2340,2281,,1676,,281,705,0.399,463,667,0.694,250,994,447,177,104,331,519
344,Winthrop,0.445,211,33,20,13,0.606,-6.43,-6.56,10,6,12,3,8,10,2442,2355,,1843,,272,686,0.397,528,741,0.713,333,1072,378,211,89,412,649
345,Wisconsin,0.459,183,38,30,8,0.789,19.69,10.19,12,6,14,3,16,5,2793,2432,,2019,,297,790,0.376,642,861,0.746,337,1266,468,183,127,307,574
346,Wofford,0.448,205,33,20,13,0.606,-4.32,-5.95,11,5,9,4,11,9,2205,2054,,1804,,196,544,0.36,393,592,0.664,352,1090,423,205,54,351,578
347,Wright State,0.456,254,36,21,15,0.583,0.21,-2.8,10,6,13,3,8,12,2419,2234,,1793,,220,609,0.361,565,765,0.739,263,1061,493,254,110,480,708
348,Wyoming,0.472,155,33,18,15,0.545,4.4,2.34,9,9,14,4,4,11,2130,2035,,1533,,189,538,0.351,493,689,0.716,171,953,412,155,124,346,553
349,Xavier,0.47,196,34,21,13,0.618,11.84,8.14,10,8,15,2,6,11,2442,2316,,1850,,174,500,0.348,530,770,0.688,379,1213,497,196,97,421,674
350,Yale,0.418,203,33,19,14,0.576,-1.66,-1.28,9,5,9,4,10,10,2209,2182,,1725,,175,532,0.329,592,853,0.694,398,1179,379,203,138,427,637
351,Youngstown State,0.459,213,32,15,17,0.469,-2.3,-1.26,6,10,11,4,4,13,2461,2370,,1822,,249,712,0.35,540,735,0.735,297,1065,499,213,86,357,607
